row_id	gene	pos	Class	densgofwovar	densgofwovar3aa
15	KCNQ2	1	lof	-0.59	-0.59
16	KCNQ2	107	lof	-0.59	-0.59
17	KCNQ2	113	lof	-0.59	-0.59
18	KCNQ2	114	lof	-0.59	-0.59
19	KCNQ2	126	lof	-0.59	-0.59
20	KCNQ2	127	lof	-0.59	-0.59
21	KCNQ2	130	lof	-0.59	-0.59
1	KCNQ2	141	gof	3.51	-0.59
2	KCNQ2	144	gof	1.46	1.46
3	KCNQ2	144	gof	3.51	3.51
4	KCNQ2	144	gof	1.46	1.46
5	KCNQ2	153	gof	-0.59	-0.59
6	KCNQ2	175	gof	-0.59	-0.59
22	KCNQ2	178	lof	1.46	-0.59
23	KCNQ2	185	lof	-0.59	-0.59
7	KCNQ2	192	gof	1.46	-0.59
8	KCNQ2	194	gof	-0.59	-0.59
24	KCNQ2	196	lof	3.51	-0.59
9	KCNQ2	198	gof	3.51	-0.59
10	KCNQ2	201	gof	-0.59	-0.59
11	KCNQ2	201	gof	1.46	1.46
25	KCNQ2	203	lof	1.46	-0.59
26	KCNQ2	205	lof	1.46	-0.59
27	KCNQ2	207	lof	-0.59	-0.59
28	KCNQ2	213	lof	-0.59	-0.59
29	KCNQ2	213	lof	-0.59	-0.59
30	KCNQ2	214	lof	-0.59	-0.59
31	KCNQ2	239	lof	-0.59	-0.59
32	KCNQ2	247	lof	-0.59	-0.59
33	KCNQ2	253	lof	-0.59	-0.59
34	KCNQ2	254	lof	-0.59	-0.59
35	KCNQ2	254	lof	-0.59	-0.59
36	KCNQ2	256	lof	-0.59	-0.59
37	KCNQ2	258	lof	-0.59	-0.59
38	KCNQ2	265	lof	-0.59	-0.59
39	KCNQ2	265	lof	-0.59	-0.59
40	KCNQ2	265	lof	-0.59	-0.59
41	KCNQ2	265	lof	-0.59	-0.59
42	KCNQ2	267	lof	-0.59	-0.59
43	KCNQ2	268	lof	-0.59	-0.59
44	KCNQ2	268	lof	-0.59	-0.59
45	KCNQ2	268	lof	-0.59	-0.59
46	KCNQ2	268	lof	-0.59	-0.59
47	KCNQ2	269	lof	-0.59	-0.59
48	KCNQ2	272	lof	-0.59	-0.59
49	KCNQ2	274	lof	-0.59	-0.59
50	KCNQ2	274	lof	-0.59	-0.59
51	KCNQ2	276	lof	-0.59	-0.59
52	KCNQ2	277	lof	-0.59	-0.59
53	KCNQ2	277	lof	-0.59	-0.59
54	KCNQ2	281	lof	-0.59	-0.59
55	KCNQ2	284	lof	-0.59	-0.59
56	KCNQ2	285	lof	-0.59	-0.59
57	KCNQ2	285	lof	-0.59	-0.59
58	KCNQ2	287	lof	-0.59	-0.59
59	KCNQ2	290	lof	-0.59	-0.59
60	KCNQ2	290	lof	-0.59	-0.59
61	KCNQ2	294	lof	-0.59	-0.59
62	KCNQ2	294	lof	-0.59	-0.59
63	KCNQ2	295	lof	-0.59	-0.59
64	KCNQ2	296	lof	-0.59	-0.59
65	KCNQ2	301	lof	-0.59	-0.59
66	KCNQ2	304	lof	-0.59	-0.59
67	KCNQ2	306	lof	-0.59	-0.59
68	KCNQ2	309	lof	-0.59	-0.59
69	KCNQ2	313	lof	1.46	-0.59
70	KCNQ2	315	lof	1.46	-0.59
12	KCNQ2	317	gof	-0.59	-0.59
13	KCNQ2	318	gof	1.46	1.46
71	KCNQ2	325	lof	-0.59	-0.59
72	KCNQ2	333	lof	-0.59	-0.59
14	KCNQ2	335	gof	-0.59	-0.59
73	KCNQ2	337	lof	-0.59	-0.59
74	KCNQ2	339	lof	-0.59	-0.59
75	KCNQ2	341	lof	-0.59	-0.59
76	KCNQ2	344	lof	-0.59	-0.59
77	KCNQ2	352	lof	-0.59	-0.59
78	KCNQ2	353	lof	-0.59	-0.59
79	KCNQ2	355	lof	-0.59	-0.59
80	KCNQ2	358	lof	-0.59	-0.59
81	KCNQ2	359	lof	-0.59	-0.59
82	KCNQ2	362	lof	-0.59	-0.59
83	KCNQ2	386	lof	-0.59	-0.59
84	KCNQ2	489	lof	-0.59	-0.59
85	KCNQ2	541	lof	-0.59	-0.59
86	KCNQ2	541	lof	-0.59	-0.59
87	KCNQ2	546	lof	-0.59	-0.59
88	KCNQ2	546	lof	-0.59	-0.59
89	KCNQ2	547	lof	-0.59	-0.59
90	KCNQ2	553	lof	-0.59	-0.59
91	KCNQ2	553	lof	-0.59	-0.59
92	KCNQ2	554	lof	-0.59	-0.59
93	KCNQ2	556	lof	-0.59	-0.59
94	KCNQ2	556	lof	-0.59	-0.59
95	KCNQ2	558	lof	-0.59	-0.59
96	KCNQ2	560	lof	-0.59	-0.59
97	KCNQ2	563	lof	-0.59	-0.59
98	KCNQ2	567	lof	-0.59	-0.59
99	KCNQ2	581	lof	-0.59	-0.59
100	KCNQ2	581	lof	-0.59	-0.59
101	KCNQ2	588	lof	-0.59	-0.59
102	KCNQ2	592	lof	-0.59	-0.59
103	KCNQ2	637	lof	-0.59	-0.59
104	KCNQ2	764	lof	-0.59	-0.59
